{
 "creation": "2014-07-09 16:13:35.452759",
 "doctype": "DocType",
 "editable_grid": 1,
 "field_order": [
  "reference_type",
  "reference_name",
  "posting_date",
  "is_advance",
  "reference_row",
  "col_break1",
  "invoice_number",
  "amount",
  "allocated_amount",
  "section_break_10",
  "difference_account",
  "difference_amount",
  "sec_break1",
  "remark"
 ],
 "fields": [
  {
   "fieldname": "reference_type",
   "fieldtype": "Link",
   "label": "Reference Type",
   "options": "DocType",
   "read_only": 1
  },
  {
   "columns": 2,
   "fieldname": "reference_name",
   "fieldtype": "Dynamic Link",
   "in_list_view": 1,
   "label": "Reference Name",
   "options": "reference_type",
   "read_only": 1
  },
  {
   "fieldname": "posting_date",
   "fieldtype": "Date",
   "label": "Posting Date",
   "read_only": 1
  },
  {
   "fieldname": "is_advance",
   "fieldtype": "Data",
   "hidden": 1,
   "label": "Is Advance",
   "read_only": 1
  },
  {
   "fieldname": "reference_row",
   "fieldtype": "Data",
   "hidden": 1,
   "label": "Reference Row",
   "read_only": 1
  },
  {
   "fieldname": "col_break1",
   "fieldtype": "Column Break"
  },
  {
   "columns": 2,
   "fieldname": "invoice_number",
   "fieldtype": "Select",
   "in_list_view": 1,
   "label": "Invoice Number",
   "reqd": 1
  },
  {
   "columns": 2,
   "fieldname": "amount",
   "fieldtype": "Currency",
   "in_list_view": 1,
   "label": "Amount",
   "read_only": 1
  },
  {
   "columns": 2,
   "fieldname": "allocated_amount",
   "fieldtype": "Currency",
   "in_list_view": 1,
   "label": "Allocated amount",
   "reqd": 1
  },
  {
   "fieldname": "sec_break1",
   "fieldtype": "Section Break"
  },
  {
   "fieldname": "remark",
   "fieldtype": "Small Text",
   "in_list_view": 1,
   "label": "Remark",
   "read_only": 1
  },
  {
   "columns": 2,
   "fieldname": "difference_account",
   "fieldtype": "Link",
   "in_list_view": 1,
   "label": "Difference Account",
   "options": "Account"
  },
  {
   "fieldname": "difference_amount",
   "fieldtype": "Currency",
   "label": "Difference Amount",
   "print_hide": 1,
   "read_only": 1
  },
  {
   "fieldname": "section_break_10",
   "fieldtype": "Section Break"
  }
 ],
 "istable": 1,
 "modified": "2019-06-24 00:08:11.150796",
 "modified_by": "Administrator",
 "module": "Accounts",
 "name": "Payment Reconciliation Payment",
 "owner": "Administrator",
 "permissions": [],
 "quick_entry": 1,
 "sort_field": "modified",
 "sort_order": "DESC"
}